Country Name	Country Code	Indicator Name	Indicator Code	1960	1961	1962	1963	1964	1965
Aruba	ABW	"Birth rate, crude (per 1,000 people)"	SP.DYN.CBRT.IN	35.679	34.529	33.32	32.05	30.737	29.413
Afghanistan	AFG	"Birth rate, crude (per 1,000 people)"	SP.DYN.CBRT.IN	51.293	51.395	51.488	51.572	51.644	51.7
Angola	AGO	"Birth rate, crude (per 1,000 people)"	SP.DYN.CBRT.IN	55.035	54.773	54.509	54.235	53.956	53.691
Albania	ALB	"Birth rate, crude (per 1,000 people)"	SP.DYN.CBRT.IN	40.925	40.369	39.628	38.724	37.696	36.599
Andorra	AND	"Birth rate, crude (per 1,000 people)"	SP.DYN.CBRT.IN						
Arab World	ARB	"Birth rate, crude (per 1,000 people)"	SP.DYN.CBRT.IN	47.68995549	47.46802486	47.24549612	47.01478571	46.77021394	46.50222879
United Arab Emirates	ARE	"Birth rate, crude (per 1,000 people)"	SP.DYN.CBRT.IN	47.163	46.588	45.963	45.285	44.546	43.703
Argentina	ARG	"Birth rate, crude (per 1,000 people)"	SP.DYN.CBRT.IN	23.682	23.459	23.242	23.038	22.857	22.709
Armenia	ARM	"Birth rate, crude (per 1,000 people)"	SP.DYN.CBRT.IN	38.509	37.217	35.561	33.629	31.54	29.447
American Samoa	ASM	"Birth rate, crude (per 1,000 people)"	SP.DYN.CBRT.IN						
Antigua and Barbuda	ATG	"Birth rate, crude (per 1,000 people)"	SP.DYN.CBRT.IN	34.157	33.882	33.658	33.48	33.328	33.165
Australia	AUS	"Birth rate, crude (per 1,000 people)"	SP.DYN.CBRT.IN	22.4	22.9	22.1	21.5	20.5	19.6
Austria	AUT	"Birth rate, crude (per 1,000 people)"	SP.DYN.CBRT.IN	17.9	18.6	18.7	18.8	18.5	17.9
Azerbaijan	AZE	"Birth rate, crude (per 1,000 people)"	SP.DYN.CBRT.IN	45.931	45.741	45.15	44.147	42.774	41.099
Burundi	BDI	"Birth rate, crude (per 1,000 people)"	SP.DYN.CBRT.IN	48.184	48.159	48.136	48.105	48.059	47.983
Belgium	BEL	"Birth rate, crude (per 1,000 people)"	SP.DYN.CBRT.IN	16.8	17.3	16.8	17.1	17.2	16.4
Benin	BEN	"Birth rate, crude (per 1,000 people)"	SP.DYN.CBRT.IN	44.304	44.733	45.13	45.489	45.805	46.075
Burkina Faso	BFA	"Birth rate, crude (per 1,000 people)"	SP.DYN.CBRT.IN	47.24	47.215	47.21	47.229	47.273	47.332
Bangladesh	BGD	"Birth rate, crude (per 1,000 people)"	SP.DYN.CBRT.IN	49.023	49.112	49.15	49.142	49.091	48.997
Bulgaria	BGR	"Birth rate, crude (per 1,000 people)"	SP.DYN.CBRT.IN	17.8	17.4	16.7	16.4	16.1	15.3
Bahrain	BHR	"Birth rate, crude (per 1,000 people)"	SP.DYN.CBRT.IN	45.934	45.855	45.645	45.28	44.749	44.032
"Bahamas, The"	BHS	"Birth rate, crude (per 1,000 people)"	SP.DYN.CBRT.IN	34.388	34.036	33.381	32.417	31.2	29.865
Bosnia and Herzegovina	BIH	"Birth rate, crude (per 1,000 people)"	SP.DYN.CBRT.IN	31.504	30.907	30.233	29.458	28.584	27.642
Belarus	BLR	"Birth rate, crude (per 1,000 people)"	SP.DYN.CBRT.IN	23.454	22.787	21.975	21.053	20.068	19.089
Belize	BLZ	"Birth rate, crude (per 1,000 people)"	SP.DYN.CBRT.IN	44.967	44.382	43.862	43.407	43.018	42.693
Bermuda	BMU	"Birth rate, crude (per 1,000 people)"	SP.DYN.CBRT.IN	28.3		26			
Bolivia	BOL	"Birth rate, crude (per 1,000 people)"	SP.DYN.CBRT.IN	44.539	44.279	44.025	43.778	43.539	43.307
Brazil	BRA	"Birth rate, crude (per 1,000 people)"	SP.DYN.CBRT.IN	42.336	42.029	41.611	41.064	40.392	39.61
Barbados	BRB	"Birth rate, crude (per 1,000 people)"	SP.DYN.CBRT.IN	30.576	29.984	29.266	28.41	27.429	26.365
Brunei Darussalam	BRN	"Birth rate, crude (per 1,000 people)"	SP.DYN.CBRT.IN	45.183	44.164	43.045	41.859	40.655	39.518
Bhutan	BTN	"Birth rate, crude (per 1,000 people)"	SP.DYN.CBRT.IN	49.768	49.863	49.937	49.991	50.02	50.016
Botswana	BWA	"Birth rate, crude (per 1,000 people)"	SP.DYN.CBRT.IN	47.246	47.129	47.003	46.876	46.752	46.633
Central African Republic	CAF	"Birth rate, crude (per 1,000 people)"	SP.DYN.CBRT.IN	43.715	43.792	43.83	43.834	43.807	43.751
Canada	CAN	"Birth rate, crude (per 1,000 people)"	SP.DYN.CBRT.IN	26.7	26	25.2	24.6	23.4	21.3
Central Europe and the Baltics	CEB	"Birth rate, crude (per 1,000 people)"	SP.DYN.CBRT.IN	19.11743513	18.10794125	17.20412494	16.99419142	16.50460321	15.93679582
Switzerland	CHE	"Birth rate, crude (per 1,000 people)"	SP.DYN.CBRT.IN	17.7	18.3	18.7	19.3	19.5	19.1
Channel Islands	CHI	"Birth rate, crude (per 1,000 people)"	SP.DYN.CBRT.IN	16.068	16.424	16.704	16.872	16.909	16.802
Chile	CHL	"Birth rate, crude (per 1,000 people)"	SP.DYN.CBRT.IN	36.034	35.653	35.238	34.787	34.293	33.739
China	CHN	"Birth rate, crude (per 1,000 people)"	SP.DYN.CBRT.IN	20.86	18.02	37.01	43.37	39.14	37.88
Cote d'Ivoire	CIV	"Birth rate, crude (per 1,000 people)"	SP.DYN.CBRT.IN	55.522	55.192	54.848	54.502	54.162	53.837
Cameroon	CMR	"Birth rate, crude (per 1,000 people)"	SP.DYN.CBRT.IN	42.829	43.105	43.388	43.663	43.919	44.144
"Congo, Dem. Rep."	COD	"Birth rate, crude (per 1,000 people)"	SP.DYN.CBRT.IN	46.651	46.732	46.802	46.856	46.891	46.903
"Congo, Rep."	COG	"Birth rate, crude (per 1,000 people)"	SP.DYN.CBRT.IN	42.356	42.456	42.557	42.655	42.747	42.834
Colombia	COL	"Birth rate, crude (per 1,000 people)"	SP.DYN.CBRT.IN	44.904	44.667	44.394	44.056	43.625	43.047
Comoros	COM	"Birth rate, crude (per 1,000 people)"	SP.DYN.CBRT.IN	47.707	47.595	47.418	47.197	46.951	46.696
Cabo Verde	CPV	"Birth rate, crude (per 1,000 people)"	SP.DYN.CBRT.IN	48.011	47.645	47.169	46.586	45.911	45.167
Costa Rica	CRI	"Birth rate, crude (per 1,000 people)"	SP.DYN.CBRT.IN	44.558	44.125	43.469	42.597	41.53	40.284
Caribbean small states	CSS	"Birth rate, crude (per 1,000 people)"	SP.DYN.CBRT.IN	40.30751376	39.99358033	39.51527869	38.8793901	38.11076351	37.24472994
Cuba	CUB	"Birth rate, crude (per 1,000 people)"	SP.DYN.CBRT.IN	31.95	33.187	34.162	34.723	34.8	34.401
Curacao	CUW	"Birth rate, crude (per 1,000 people)"	SP.DYN.CBRT.IN						
Cayman Islands	CYM	"Birth rate, crude (per 1,000 people)"	SP.DYN.CBRT.IN						
Cyprus	CYP	"Birth rate, crude (per 1,000 people)"	SP.DYN.CBRT.IN	25.558	25.222	24.746	24.113	23.339	22.473
Czech Republic	CZE	"Birth rate, crude (per 1,000 people)"	SP.DYN.CBRT.IN	13.4	13.7	13.9	15.4	15.9	15.1
Germany	DEU	"Birth rate, crude (per 1,000 people)"	SP.DYN.CBRT.IN	17.3	17.9	17.8	18.1	18	17.4
Djibouti	DJI	"Birth rate, crude (per 1,000 people)"	SP.DYN.CBRT.IN	43.595	43.872	44.125	44.351	44.546	44.713
Dominica	DMA	"Birth rate, crude (per 1,000 people)"	SP.DYN.CBRT.IN						
Denmark	DNK	"Birth rate, crude (per 1,000 people)"	SP.DYN.CBRT.IN	16.6	16.6	16.7	17.6	17.7	18
Dominican Republic	DOM	"Birth rate, crude (per 1,000 people)"	SP.DYN.CBRT.IN	51.889	51.048	50.122	49.13	48.093	47.03
Algeria	DZA	"Birth rate, crude (per 1,000 people)"	SP.DYN.CBRT.IN	49.671	49.576	49.416	49.181	48.877	48.524
East Asia & Pacific (excluding high income)	EAP	"Birth rate, crude (per 1,000 people)"	SP.DYN.CBRT.IN	26.59031822	24.55346051	38.50021624	43.06358297	39.84463941	38.80942697
Early-demographic dividend	EAR	"Birth rate, crude (per 1,000 people)"	SP.DYN.CBRT.IN	43.627366	43.38576039	43.1218637	42.83592107	42.53381865	42.21885057
East Asia & Pacific	EAS	"Birth rate, crude (per 1,000 people)"	SP.DYN.CBRT.IN	26.27842331	24.4610312	36.35736247	40.26109962	37.48056933	36.6142756
Europe & Central Asia (excluding high income)	ECA	"Birth rate, crude (per 1,000 people)"	SP.DYN.CBRT.IN	27.31294301	26.43506004	25.47687361	24.524089	23.55353872	22.60867022
Europe & Central Asia	ECS	"Birth rate, crude (per 1,000 people)"	SP.DYN.CBRT.IN	22.09906978	21.78308623	21.32885175	21.02097498	20.70957292	20.01185992
Ecuador	ECU	"Birth rate, crude (per 1,000 people)"	SP.DYN.CBRT.IN	44.27	44.047	43.819	43.583	43.334	43.062
"Egypt, Arab Rep."	EGY	"Birth rate, crude (per 1,000 people)"	SP.DYN.CBRT.IN	47.199	46.572	45.977	45.424	44.914	44.436
Euro area	EMU	"Birth rate, crude (per 1,000 people)"	SP.DYN.CBRT.IN	18.83871268	19.01736162	18.8988046	19.00440946	19.20846908	18.6173353
Eritrea	ERI	"Birth rate, crude (per 1,000 people)"	SP.DYN.CBRT.IN	48.727	48.612	48.458	48.278	48.081	47.871
Spain	ESP	"Birth rate, crude (per 1,000 people)"	SP.DYN.CBRT.IN	21.7	21.2	21.1	21.4	22	21.1
Estonia	EST	"Birth rate, crude (per 1,000 people)"	SP.DYN.CBRT.IN	16.7	16.5	16.1	15.3	15.4	14.6
Ethiopia	ETH	"Birth rate, crude (per 1,000 people)"	SP.DYN.CBRT.IN	47.821	47.837	47.843	47.828	47.789	47.741
European Union	EUU	"Birth rate, crude (per 1,000 people)"	SP.DYN.CBRT.IN	18.57959196	18.53409438	18.33731958	18.415015	18.50989623	17.95739326
Fragile and conflict affected situations	FCS	"Birth rate, crude (per 1,000 people)"	SP.DYN.CBRT.IN	46.9122052	46.83380954	46.770903	46.71611141	46.66199553	46.59999049
Finland	FIN	"Birth rate, crude (per 1,000 people)"	SP.DYN.CBRT.IN	18.5	18.4	18.1	18.2	17.7	17.1
Fiji	FJI	"Birth rate, crude (per 1,000 people)"	SP.DYN.CBRT.IN	45.415	44.277	42.999	41.636	40.247	38.894
France	FRA	"Birth rate, crude (per 1,000 people)"	SP.DYN.CBRT.IN	18.7	18.7	18.6	18.5	18.4	18.2
Faroe Islands	FRO	"Birth rate, crude (per 1,000 people)"	SP.DYN.CBRT.IN						
"Micronesia, Fed. Sts."	FSM	"Birth rate, crude (per 1,000 people)"	SP.DYN.CBRT.IN	43.567	43.218	42.933	42.706	42.523	42.357
Gabon	GAB	"Birth rate, crude (per 1,000 people)"	SP.DYN.CBRT.IN	32.86	33.436	34.027	34.61	35.166	35.668
United Kingdom	GBR	"Birth rate, crude (per 1,000 people)"	SP.DYN.CBRT.IN	17.5	17.9	18.3	18.5	18.8	18.3
Georgia	GEO	"Birth rate, crude (per 1,000 people)"	SP.DYN.CBRT.IN	25.078	24.858	24.511	24.053	23.507	22.898
Ghana	GHA	"Birth rate, crude (per 1,000 people)"	SP.DYN.CBRT.IN	46.808	47.021	47.199	47.334	47.421	47.45
Gibraltar	GIB	"Birth rate, crude (per 1,000 people)"	SP.DYN.CBRT.IN						
Guinea	GIN	"Birth rate, crude (per 1,000 people)"	SP.DYN.CBRT.IN	46.05	45.86	45.669	45.485	45.319	45.186
"Gambia, The"	GMB	"Birth rate, crude (per 1,000 people)"	SP.DYN.CBRT.IN	49.297	49.531	49.677	49.757	49.793	49.816
Guinea-Bissau	GNB	"Birth rate, crude (per 1,000 people)"	SP.DYN.CBRT.IN	42.367	42.172	42.035	41.954	41.924	41.943
Equatorial Guinea	GNQ	"Birth rate, crude (per 1,000 people)"	SP.DYN.CBRT.IN	41.49	41.393	41.337	41.326	41.362	41.439
Greece	GRC	"Birth rate, crude (per 1,000 people)"	SP.DYN.CBRT.IN	18.9	17.9	18	17.5	18	17.7
Grenada	GRD	"Birth rate, crude (per 1,000 people)"	SP.DYN.CBRT.IN	44.853	43.465	41.625	39.425	37.01	34.594
Greenland	GRL	"Birth rate, crude (per 1,000 people)"	SP.DYN.CBRT.IN						
Guatemala	GTM	"Birth rate, crude (per 1,000 people)"	SP.DYN.CBRT.IN	48.399	47.843	47.334	46.884	46.502	46.189
Guam	GUM	"Birth rate, crude (per 1,000 people)"	SP.DYN.CBRT.IN	37.601	37.994	38.025	37.659	36.928	35.932
Guyana	GUY	"Birth rate, crude (per 1,000 people)"	SP.DYN.CBRT.IN	43.02	42.124	41.204	40.308	39.471	38.721
High income	HIC	"Birth rate, crude (per 1,000 people)"	SP.DYN.CBRT.IN	21.65882353	21.48789565	21.14903509	21.00403741	20.85390424	20.15009553
"Hong Kong SAR, China"	HKG	"Birth rate, crude (per 1,000 people)"	SP.DYN.CBRT.IN	35.246	35	34	33.5	30.7	28.1
Honduras	HND	"Birth rate, crude (per 1,000 people)"	SP.DYN.CBRT.IN	49.949	49.63	49.358	49.14	48.973	48.837
Heavily indebted poor countries (HIPC)	HPC	"Birth rate, crude (per 1,000 people)"	SP.DYN.CBRT.IN	48.32191719	48.29775284	48.26753833	48.23058672	48.18711489	48.13904346
Croatia	HRV	"Birth rate, crude (per 1,000 people)"	SP.DYN.CBRT.IN	18.4	17.8	17.2	16.5	16.2	16.6
Haiti	HTI	"Birth rate, crude (per 1,000 people)"	SP.DYN.CBRT.IN	44.211	43.957	43.638	43.246	42.781	42.242
Hungary	HUN	"Birth rate, crude (per 1,000 people)"	SP.DYN.CBRT.IN	14.7	14	12.9	13.1	13.1	13.1
IBRD only	IBD	"Birth rate, crude (per 1,000 people)"	SP.DYN.CBRT.IN	32.61587518	31.50034678	37.7067724	39.56817293	37.8136637	37.06823686
IDA & IBRD total	IBT	"Birth rate, crude (per 1,000 people)"	SP.DYN.CBRT.IN	35.02410048	34.11608376	39.2759296	40.80849605	39.33568371	38.699333
IDA total	IDA	"Birth rate, crude (per 1,000 people)"	SP.DYN.CBRT.IN	47.08637416	47.04461754	46.9767088	46.8843841	46.77147797	46.64418329
IDA blend	IDB	"Birth rate, crude (per 1,000 people)"	SP.DYN.CBRT.IN	45.14652615	45.13828425	45.0794729	44.97398049	44.8302751	44.66319717
Indonesia	IDN	"Birth rate, crude (per 1,000 people)"	SP.DYN.CBRT.IN	44.56	44.277	43.934	43.551	43.141	42.71
IDA only	IDX	"Birth rate, crude (per 1,000 people)"	SP.DYN.CBRT.IN	48.01102923	47.95277971	47.88030978	47.7941377	47.69569062	47.58696857
Isle of Man	IMN	"Birth rate, crude (per 1,000 people)"	SP.DYN.CBRT.IN	14.1	13.8	14.1	14.8	14.4	14.9
India	IND	"Birth rate, crude (per 1,000 people)"	SP.DYN.CBRT.IN	42.1	41.857	41.594	41.308	41.004	40.686
Not classified	INX	"Birth rate, crude (per 1,000 people)"	SP.DYN.CBRT.IN						
Ireland	IRL	"Birth rate, crude (per 1,000 people)"	SP.DYN.CBRT.IN	21.5	21.2	21.8	22.2	22.4	22.1
"Iran, Islamic Rep."	IRN	"Birth rate, crude (per 1,000 people)"	SP.DYN.CBRT.IN	47.771	47.227	46.66	46.078	45.491	44.901
Iraq	IRQ	"Birth rate, crude (per 1,000 people)"	SP.DYN.CBRT.IN	42.164	42.542	43.167	43.936	44.739	45.453
Iceland	ISL	"Birth rate, crude (per 1,000 people)"	SP.DYN.CBRT.IN	28	25.5	25.8	26	25.3	24.6
Israel	ISR	"Birth rate, crude (per 1,000 people)"	SP.DYN.CBRT.IN	26.9	25.1	24.9	25	25.7	25.8
Italy	ITA	"Birth rate, crude (per 1,000 people)"	SP.DYN.CBRT.IN	18.1	18.4	18.4	18.7	19.7	19
Jamaica	JAM	"Birth rate, crude (per 1,000 people)"	SP.DYN.CBRT.IN	40.608	40.802	40.825	40.673	40.353	39.856
Jordan	JOR	"Birth rate, crude (per 1,000 people)"	SP.DYN.CBRT.IN	51.634	52.36	52.928	53.286	53.409	53.299
Japan	JPN	"Birth rate, crude (per 1,000 people)"	SP.DYN.CBRT.IN	17.3	17	17.1	17.4	17.8	18.7
Kazakhstan	KAZ	"Birth rate, crude (per 1,000 people)"	SP.DYN.CBRT.IN	35.529	34.891	33.968	32.779	31.392	29.932
Kenya	KEN	"Birth rate, crude (per 1,000 people)"	SP.DYN.CBRT.IN	51.274	51.173	51.062	50.949	50.842	50.753
Kyrgyz Republic	KGZ	"Birth rate, crude (per 1,000 people)"	SP.DYN.CBRT.IN	40.682	40.316	39.651	38.73	37.625	36.441
Cambodia	KHM	"Birth rate, crude (per 1,000 people)"	SP.DYN.CBRT.IN	46.626	46.353	46.067	45.762	45.435	45.082
Kiribati	KIR	"Birth rate, crude (per 1,000 people)"	SP.DYN.CBRT.IN	47.453	46.791	45.908	44.82	43.562	42.156
St. Kitts and Nevis	KNA	"Birth rate, crude (per 1,000 people)"	SP.DYN.CBRT.IN						
"Korea, Rep."	KOR	"Birth rate, crude (per 1,000 people)"	SP.DYN.CBRT.IN	42.266	41.006	39.577	38.068	36.559	35.128
Kuwait	KWT	"Birth rate, crude (per 1,000 people)"	SP.DYN.CBRT.IN	42.134	42.794	43.594	44.488	45.411	46.297
Latin America & Caribbean (excluding high income)	LAC	"Birth rate, crude (per 1,000 people)"	SP.DYN.CBRT.IN	43.97033044	43.72070263	43.39955359	42.99375248	42.50260307	41.93502636
Lao PDR	LAO	"Birth rate, crude (per 1,000 people)"	SP.DYN.CBRT.IN	43.308	43.153	43.031	42.941	42.883	42.854
Lebanon	LBN	"Birth rate, crude (per 1,000 people)"	SP.DYN.CBRT.IN	38.373	37.937	37.425	36.837	36.187	35.495
Liberia	LBR	"Birth rate, crude (per 1,000 people)"	SP.DYN.CBRT.IN	49.024	49.116	49.164	49.173	49.152	49.114
Libya	LBY	"Birth rate, crude (per 1,000 people)"	SP.DYN.CBRT.IN	50.392	50.321	50.349	50.485	50.708	50.978
St. Lucia	LCA	"Birth rate, crude (per 1,000 people)"	SP.DYN.CBRT.IN	48.9	47.904	46.807	45.68	44.577	43.524
Latin America & Caribbean	LCN	"Birth rate, crude (per 1,000 people)"	SP.DYN.CBRT.IN	41.35255821	41.12146929	40.83708494	40.47669325	40.04583588	39.54635673
Least developed countries: UN classification	LDC	"Birth rate, crude (per 1,000 people)"	SP.DYN.CBRT.IN	48.1151521	48.0693605	48.01349356	47.94687612	47.86944334	47.78157357
Low income	LIC	"Birth rate, crude (per 1,000 people)"	SP.DYN.CBRT.IN	47.66594622	47.553098	47.45762539	47.39275688	47.36045036	47.35466733
Liechtenstein	LIE	"Birth rate, crude (per 1,000 people)"	SP.DYN.CBRT.IN	23.1	21.3	20.6	22	20.6	20.6
Sri Lanka	LKA	"Birth rate, crude (per 1,000 people)"	SP.DYN.CBRT.IN	37.098	36.438	35.764	35.114	34.504	33.925
Lower middle income	LMC	"Birth rate, crude (per 1,000 people)"	SP.DYN.CBRT.IN	42.67759986	42.41673278	42.1286296	41.8198867	41.49987113	41.1764513
Low & middle income	LMY	"Birth rate, crude (per 1,000 people)"	SP.DYN.CBRT.IN	35.33114888	34.42834337	39.71389288	41.28733613	39.79941038	39.15896198
Lesotho	LSO	"Birth rate, crude (per 1,000 people)"	SP.DYN.CBRT.IN	42.266	42.282	42.303	42.332	42.368	42.416
Late-demographic dividend	LTE	"Birth rate, crude (per 1,000 people)"	SP.DYN.CBRT.IN	25.77639116	23.89832132	35.09483228	38.66904487	35.83310705	34.78496294
Lithuania	LTU	"Birth rate, crude (per 1,000 people)"	SP.DYN.CBRT.IN	22.5	22.2	20.9	19.7	19	18.1
Luxembourg	LUX	"Birth rate, crude (per 1,000 people)"	SP.DYN.CBRT.IN	16	16.1	16	15.8	16	16
Latvia	LVA	"Birth rate, crude (per 1,000 people)"	SP.DYN.CBRT.IN	16.7	16.7	16.1	15.3	14.8	13.8
"Macao SAR, China"	MAC	"Birth rate, crude (per 1,000 people)"	SP.DYN.CBRT.IN	30.459	28.435	26.221	23.892	21.537	19.265
St. Martin (French part)	MAF	"Birth rate, crude (per 1,000 people)"	SP.DYN.CBRT.IN						
Morocco	MAR	"Birth rate, crude (per 1,000 people)"	SP.DYN.CBRT.IN	50.98	50.537	49.971	49.282	48.487	47.601
Monaco	MCO	"Birth rate, crude (per 1,000 people)"	SP.DYN.CBRT.IN						
Moldova	MDA	"Birth rate, crude (per 1,000 people)"	SP.DYN.CBRT.IN	27.697	26.863	25.91	24.869	23.784	22.725
Madagascar	MDG	"Birth rate, crude (per 1,000 people)"	SP.DYN.CBRT.IN	48.704	48.594	48.485	48.383	48.292	48.217
Maldives	MDV	"Birth rate, crude (per 1,000 people)"	SP.DYN.CBRT.IN	54.695	54.92	54.925	54.749	54.428	53.984
Middle East & North Africa	MEA	"Birth rate, crude (per 1,000 people)"	SP.DYN.CBRT.IN	47.28245771	46.93172629	46.60723831	46.27761767	45.95148071	45.59097231
Mexico	MEX	"Birth rate, crude (per 1,000 people)"	SP.DYN.CBRT.IN	45.529	45.141	44.777	44.45	44.167	43.96
Marshall Islands	MHL	"Birth rate, crude (per 1,000 people)"	SP.DYN.CBRT.IN						
Middle income	MIC	"Birth rate, crude (per 1,000 people)"	SP.DYN.CBRT.IN	34.34256479	33.36615556	39.08481727	40.79191683	39.1859907	38.49380875
"Macedonia, FYR"	MKD	"Birth rate, crude (per 1,000 people)"	SP.DYN.CBRT.IN	29.665	29.113	28.664	28.304	28.007	27.722
Mali	MLI	"Birth rate, crude (per 1,000 people)"	SP.DYN.CBRT.IN	50.189	50.132	50.103	50.099	50.113	50.143
Malta	MLT	"Birth rate, crude (per 1,000 people)"	SP.DYN.CBRT.IN	26.2	23.6	23.2	20.7	19.9	17.7
Myanmar	MMR	"Birth rate, crude (per 1,000 people)"	SP.DYN.CBRT.IN	43.293	42.818	42.374	41.959	41.571	41.205
Middle East & North Africa (excluding high income)	MNA	"Birth rate, crude (per 1,000 people)"	SP.DYN.CBRT.IN	47.78820423	47.45910968	47.12389586	46.77771279	46.41789157	46.03643251
Montenegro	MNE	"Birth rate, crude (per 1,000 people)"	SP.DYN.CBRT.IN	29.553	28.91	28.152	27.286	26.34	25.36
Mongolia	MNG	"Birth rate, crude (per 1,000 people)"	SP.DYN.CBRT.IN	45.987	46.783	47.307	47.503	47.367	46.948
Northern Mariana Islands	MNP	"Birth rate, crude (per 1,000 people)"	SP.DYN.CBRT.IN						
Mozambique	MOZ	"Birth rate, crude (per 1,000 people)"	SP.DYN.CBRT.IN	49.898	49.612	49.324	49.049	48.799	48.591
Mauritania	MRT	"Birth rate, crude (per 1,000 people)"	SP.DYN.CBRT.IN	49.35	49.048	48.707	48.346	47.983	47.632
Mauritius	MUS	"Birth rate, crude (per 1,000 people)"	SP.DYN.CBRT.IN	44.208	39.7	38.8	40.4	38.9	36
Malawi	MWI	"Birth rate, crude (per 1,000 people)"	SP.DYN.CBRT.IN	51.8	52.113	52.424	52.726	53.009	53.259
Malaysia	MYS	"Birth rate, crude (per 1,000 people)"	SP.DYN.CBRT.IN	42.694	42.322	41.744	40.946	39.951	38.817
North America	NAC	"Birth rate, crude (per 1,000 people)"	SP.DYN.CBRT.IN	23.97152386	23.54426229	22.65481149	21.96414032	21.31043823	19.57472673
Namibia	NAM	"Birth rate, crude (per 1,000 people)"	SP.DYN.CBRT.IN	42.446	42.36	42.285	42.226	42.191	42.205
New Caledonia	NCL	"Birth rate, crude (per 1,000 people)"	SP.DYN.CBRT.IN	34	33.2	32.4	33.1	33.8	34.5
Niger	NER	"Birth rate, crude (per 1,000 people)"	SP.DYN.CBRT.IN	58.122	58.195	58.228	58.215	58.153	58.039
Nigeria	NGA	"Birth rate, crude (per 1,000 people)"	SP.DYN.CBRT.IN	46.336	46.288	46.215	46.124	46.025	45.941
Nicaragua	NIC	"Birth rate, crude (per 1,000 people)"	SP.DYN.CBRT.IN	51.459	50.333	49.26	48.306	47.517	46.926
Netherlands	NLD	"Birth rate, crude (per 1,000 people)"	SP.DYN.CBRT.IN	20.8	21.3	20.9	20.9	20.7	19.9
Norway	NOR	"Birth rate, crude (per 1,000 people)"	SP.DYN.CBRT.IN	17.3	17.3	17.1	17.3	17.7	17.8
Nepal	NPL	"Birth rate, crude (per 1,000 people)"	SP.DYN.CBRT.IN	44.942	44.593	44.275	43.992	43.746	43.535
Nauru	NRU	"Birth rate, crude (per 1,000 people)"	SP.DYN.CBRT.IN						
New Zealand	NZL	"Birth rate, crude (per 1,000 people)"	SP.DYN.CBRT.IN	26.5	27.1	26.2	25.5	24.2	22.9
OECD members	OED	"Birth rate, crude (per 1,000 people)"	SP.DYN.CBRT.IN	23.00790696	22.85017851	22.52650107	22.39843616	22.28666294	21.63507738
Oman	OMN	"Birth rate, crude (per 1,000 people)"	SP.DYN.CBRT.IN	49.347	49.272	49.183	49.082	48.975	48.855
Other small states	OSS	"Birth rate, crude (per 1,000 people)"	SP.DYN.CBRT.IN	37.61345951	37.12289758	36.96885528	36.85399428	36.64996786	36.17725016
Pakistan	PAK	"Birth rate, crude (per 1,000 people)"	SP.DYN.CBRT.IN	44.187	44.259	44.283	44.262	44.199	44.093
Panama	PAN	"Birth rate, crude (per 1,000 people)"	SP.DYN.CBRT.IN	41.439	41.253	41.013	40.718	40.371	39.979
Peru	PER	"Birth rate, crude (per 1,000 people)"	SP.DYN.CBRT.IN	47.198	47.046	46.836	46.556	46.196	45.746
Philippines	PHL	"Birth rate, crude (per 1,000 people)"	SP.DYN.CBRT.IN	44.302	43.771	43.24	42.71	42.181	41.654
Palau	PLW	"Birth rate, crude (per 1,000 people)"	SP.DYN.CBRT.IN						
Papua New Guinea	PNG	"Birth rate, crude (per 1,000 people)"	SP.DYN.CBRT.IN	42.407	42.284	42.152	42.011	41.866	41.722
Poland	POL	"Birth rate, crude (per 1,000 people)"	SP.DYN.CBRT.IN	22.6	20.9	19.8	19.2	18.1	17.4
Pre-demographic dividend	PRE	"Birth rate, crude (per 1,000 people)"	SP.DYN.CBRT.IN	48.14023655	48.14167338	48.14306356	48.14163034	48.13542574	48.12562014
Puerto Rico	PRI	"Birth rate, crude (per 1,000 people)"	SP.DYN.CBRT.IN	32.4	31.4	31.3	31	31	30.7
"Korea, Dem. People’s Rep."	PRK	"Birth rate, crude (per 1,000 people)"	SP.DYN.CBRT.IN	37.139	35.904	34.975	34.581	34.79	35.507
Portugal	PRT	"Birth rate, crude (per 1,000 people)"	SP.DYN.CBRT.IN	24.1	24.4	24.5	23.5	24	23.4
Paraguay	PRY	"Birth rate, crude (per 1,000 people)"	SP.DYN.CBRT.IN	41.888	41.62	41.355	41.083	40.791	40.441
West Bank and Gaza	PSE	"Birth rate, crude (per 1,000 people)"	SP.DYN.CBRT.IN						
Pacific island small states	PSS	"Birth rate, crude (per 1,000 people)"	SP.DYN.CBRT.IN	45.50380397	44.80648276	44.0052879	43.12540863	42.20177153	41.2762358
Post-demographic dividend	PST	"Birth rate, crude (per 1,000 people)"	SP.DYN.CBRT.IN	20.98434136	20.83750184	20.47495383	20.29630475	20.14829847	19.42256042
French Polynesia	PYF	"Birth rate, crude (per 1,000 people)"	SP.DYN.CBRT.IN	41.275	40.342	39.445	38.618	37.88	37.246
Qatar	QAT	"Birth rate, crude (per 1,000 people)"	SP.DYN.CBRT.IN	42.381	41.741	41.146	40.595	40.082	39.568
Romania	ROU	"Birth rate, crude (per 1,000 people)"	SP.DYN.CBRT.IN	19.1	17.5	16.2	15.7	15.2	14.6
Russian Federation	RUS	"Birth rate, crude (per 1,000 people)"	SP.DYN.CBRT.IN	23.788	22.734	21.543	20.257	18.936	17.676
Rwanda	RWA	"Birth rate, crude (per 1,000 people)"	SP.DYN.CBRT.IN	52.248	51.642	51.036	50.471	49.985	49.617
South Asia	SAS	"Birth rate, crude (per 1,000 people)"	SP.DYN.CBRT.IN	42.96067582	42.7713694	42.55887728	42.32242901	42.06701383	41.79553299
Saudi Arabia	SAU	"Birth rate, crude (per 1,000 people)"	SP.DYN.CBRT.IN	47.577	47.576	47.556	47.511	47.439	47.343
Sudan	SDN	"Birth rate, crude (per 1,000 people)"	SP.DYN.CBRT.IN	46.7	46.76	46.831	46.906	46.98	47.047
Senegal	SEN	"Birth rate, crude (per 1,000 people)"	SP.DYN.CBRT.IN	50.325	50.287	50.258	50.234	50.213	50.193
Singapore	SGP	"Birth rate, crude (per 1,000 people)"	SP.DYN.CBRT.IN	37.5	35.2	33.7	33.2	31.6	29.5
Solomon Islands	SLB	"Birth rate, crude (per 1,000 people)"	SP.DYN.CBRT.IN	40.781	40.863	40.937	41.021	41.148	41.386
Sierra Leone	SLE	"Birth rate, crude (per 1,000 people)"	SP.DYN.CBRT.IN	47.149	47.425	47.698	47.951	48.17	48.348
El Salvador	SLV	"Birth rate, crude (per 1,000 people)"	SP.DYN.CBRT.IN	47.381	47.17	46.866	46.472	46.003	45.481
San Marino	SMR	"Birth rate, crude (per 1,000 people)"	SP.DYN.CBRT.IN						
Somalia	SOM	"Birth rate, crude (per 1,000 people)"	SP.DYN.CBRT.IN	47.63	47.52	47.424	47.34	47.262	47.186
Serbia	SRB	"Birth rate, crude (per 1,000 people)"	SP.DYN.CBRT.IN						
Sub-Saharan Africa (excluding high income)	SSA	"Birth rate, crude (per 1,000 people)"	SP.DYN.CBRT.IN	47.50474292	47.4585171	47.41106502	47.35956591	47.29010843	47.2156552
South Sudan	SSD	"Birth rate, crude (per 1,000 people)"	SP.DYN.CBRT.IN	50.87	51.09	51.27	51.41	51.508	51.558
Sub-Saharan Africa	SSF	"Birth rate, crude (per 1,000 people)"	SP.DYN.CBRT.IN	47.50474292	47.4585171	47.41106502	47.35956591	47.29010843	47.2156552
Small states	SST	"Birth rate, crude (per 1,000 people)"	SP.DYN.CBRT.IN	38.86316611	38.41747684	38.13589545	37.82796156	37.41940018	36.80727565
Sao Tome and Principe	STP	"Birth rate, crude (per 1,000 people)"	SP.DYN.CBRT.IN	47.615	47.35	46.929	46.345	45.616	44.781
Suriname	SUR	"Birth rate, crude (per 1,000 people)"	SP.DYN.CBRT.IN	45.47	45.118	44.633	43.99	43.186	42.24
Slovak Republic	SVK	"Birth rate, crude (per 1,000 people)"	SP.DYN.CBRT.IN	21.7	20.8	19.8	20.4	20.1	19.3
Slovenia	SVN	"Birth rate, crude (per 1,000 people)"	SP.DYN.CBRT.IN	17.6	18.2	18.1	18	17.9	18.5
Sweden	SWE	"Birth rate, crude (per 1,000 people)"	SP.DYN.CBRT.IN	13.7	13.9	14.2	14.8	16	15.9
Swaziland	SWZ	"Birth rate, crude (per 1,000 people)"	SP.DYN.CBRT.IN	47.593	47.682	47.813	47.983	48.182	48.4
Sint Maarten (Dutch part)	SXM	"Birth rate, crude (per 1,000 people)"	SP.DYN.CBRT.IN						
Seychelles	SYC	"Birth rate, crude (per 1,000 people)"	SP.DYN.CBRT.IN						
Syrian Arab Republic	SYR	"Birth rate, crude (per 1,000 people)"	SP.DYN.CBRT.IN	48.441	48.087	47.729	47.374	47.034	46.729
Turks and Caicos Islands	TCA	"Birth rate, crude (per 1,000 people)"	SP.DYN.CBRT.IN						
Chad	TCD	"Birth rate, crude (per 1,000 people)"	SP.DYN.CBRT.IN	45.764	45.668	45.587	45.531	45.511	45.549
East Asia & Pacific (IDA & IBRD countries)	TEA	"Birth rate, crude (per 1,000 people)"	SP.DYN.CBRT.IN	26.45376096	24.40330509	38.54705354	43.17525066	39.91074558	38.85246864
Europe & Central Asia (IDA & IBRD countries)	TEC	"Birth rate, crude (per 1,000 people)"	SP.DYN.CBRT.IN	26.72663305	25.77481937	24.81047238	23.89736668	22.92454633	22.02421911
Togo	TGO	"Birth rate, crude (per 1,000 people)"	SP.DYN.CBRT.IN	47.479	47.568	47.663	47.757	47.847	47.93
Thailand	THA	"Birth rate, crude (per 1,000 people)"	SP.DYN.CBRT.IN	42.737	42.618	42.47	42.284	42.042	41.709
Tajikistan	TJK	"Birth rate, crude (per 1,000 people)"	SP.DYN.CBRT.IN	48.646	48.472	48.073	47.477	46.729	45.895
Turkmenistan	TKM	"Birth rate, crude (per 1,000 people)"	SP.DYN.CBRT.IN	45.71	45.552	45.121	44.433	43.534	42.495
Latin America & the Caribbean (IDA & IBRD countries)	TLA	"Birth rate, crude (per 1,000 people)"	SP.DYN.CBRT.IN	41.79023816	41.51538455	41.18505766	40.79239855	40.33908525	39.83293499
Timor-Leste	TLS	"Birth rate, crude (per 1,000 people)"	SP.DYN.CBRT.IN	46.228	46.235	46.208	46.127	45.972	45.726
Middle East & North Africa (IDA & IBRD countries)	TMN	"Birth rate, crude (per 1,000 people)"	SP.DYN.CBRT.IN	47.78820423	47.45910968	47.12389586	46.77771279	46.41789157	46.03643251
Tonga	TON	"Birth rate, crude (per 1,000 people)"	SP.DYN.CBRT.IN	47.175	46.721	46.124	45.38	44.491	43.437
South Asia (IDA & IBRD)	TSA	"Birth rate, crude (per 1,000 people)"	SP.DYN.CBRT.IN	42.96067582	42.7713694	42.55887728	42.32242901	42.06701383	41.79553299
Sub-Saharan Africa (IDA & IBRD countries)	TSS	"Birth rate, crude (per 1,000 people)"	SP.DYN.CBRT.IN	47.50474292	47.4585171	47.41106502	47.35956591	47.29010843	47.2156552
Trinidad and Tobago	TTO	"Birth rate, crude (per 1,000 people)"	SP.DYN.CBRT.IN	37.333	36.733	35.869	34.731	33.361	31.862
Tunisia	TUN	"Birth rate, crude (per 1,000 people)"	SP.DYN.CBRT.IN	45.474	45.404	45.284	45.102	44.843	44.489
Turkey	TUR	"Birth rate, crude (per 1,000 people)"	SP.DYN.CBRT.IN	45.393	44.721	44.044	43.376	42.732	42.132
Tuvalu	TUV	"Birth rate, crude (per 1,000 people)"	SP.DYN.CBRT.IN						
Tanzania	TZA	"Birth rate, crude (per 1,000 people)"	SP.DYN.CBRT.IN	49.296	49.249	49.191	49.125	49.053	48.972
Uganda	UGA	"Birth rate, crude (per 1,000 people)"	SP.DYN.CBRT.IN	49.557	49.427	49.319	49.231	49.16	49.098
Ukraine	UKR	"Birth rate, crude (per 1,000 people)"	SP.DYN.CBRT.IN	21.011	19.808	18.654	17.615	16.739	16.063
Upper middle income	UMC	"Birth rate, crude (per 1,000 people)"	SP.DYN.CBRT.IN	27.53932983	25.83866978	36.53212462	39.93057832	37.2470961	36.24625995
Uruguay	URY	"Birth rate, crude (per 1,000 people)"	SP.DYN.CBRT.IN	22.075	22.007	21.867	21.661	21.406	21.139
United States	USA	"Birth rate, crude (per 1,000 people)"	SP.DYN.CBRT.IN	23.7	23.3	22.4	21.7	21.1	19.4
Uzbekistan	UZB	"Birth rate, crude (per 1,000 people)"	SP.DYN.CBRT.IN	44.066	43.94	43.564	42.949	42.133	41.185
St. Vincent and the Grenadines	VCT	"Birth rate, crude (per 1,000 people)"	SP.DYN.CBRT.IN	47.877	47.297	46.647	45.939	45.187	44.406
"Venezuela, RB"	VEN	"Birth rate, crude (per 1,000 people)"	SP.DYN.CBRT.IN	46.461	46.393	46.121	45.607	44.847	43.849
British Virgin Islands	VGB	"Birth rate, crude (per 1,000 people)"	SP.DYN.CBRT.IN						
Virgin Islands (U.S.)	VIR	"Birth rate, crude (per 1,000 people)"	SP.DYN.CBRT.IN	35	34.62	34.24	33.86	33.48	33.1
Vietnam	VNM	"Birth rate, crude (per 1,000 people)"	SP.DYN.CBRT.IN	42.165	41.66	41.048	40.371	39.668	38.985
Vanuatu	VUT	"Birth rate, crude (per 1,000 people)"	SP.DYN.CBRT.IN	48.783	48.29	47.716	47.061	46.339	45.57
World	WLD	"Birth rate, crude (per 1,000 people)"	SP.DYN.CBRT.IN	31.8042302	31.08560415	34.93783345	36.11062702	35.00233795	34.38696213
Samoa	WSM	"Birth rate, crude (per 1,000 people)"	SP.DYN.CBRT.IN	48.133	47.772	47.325	46.766	46.091	45.314
Kosovo	XKX	"Birth rate, crude (per 1,000 people)"	SP.DYN.CBRT.IN						
"Yemen, Rep."	YEM	"Birth rate, crude (per 1,000 people)"	SP.DYN.CBRT.IN	50.428	50.896	51.374	51.844	52.286	52.664
South Africa	ZAF	"Birth rate, crude (per 1,000 people)"	SP.DYN.CBRT.IN	40.222	39.987	39.731	39.455	39.163	38.869
Zambia	ZMB	"Birth rate, crude (per 1,000 people)"	SP.DYN.CBRT.IN	49.994	50.14	50.213	50.207	50.129	50
Zimbabwe	ZWE	"Birth rate, crude (per 1,000 people)"	SP.DYN.CBRT.IN	48.164	48.162	48.128	48.055	47.948	47.818
